<OUTPUT-FILE>
<QUERYNO>145921</QUERYNO>
<QUERY>cheap airfares within South america</QUERY>
<LOCAL>Yes</LOCAL>
<WHAT>cheap airfares within South america</WHAT>
<WHAT-TYPE>Information</WHAT-TYPE>
<GEO-RELATION>None</GEO-RELATION>
<WHERE>South America</WHERE>
<LAT-LONG></LAT-LONG>
<QUERYNO>132611</QUERYNO>
<QUERY>carte michelin</QUERY>
<LOCAL>No</LOCAL>
<WHAT>None</WHAT>
<WHAT-TYPE>None</WHAT-TYPE>
<GEO-RELATION>None</GEO-RELATION>
<WHERE>None</WHERE>
<LAT-LONG></LAT-LONG>
<QUERYNO>114698</QUERYNO>
<QUERY>california board of equalization</QUERY>
<LOCAL>Yes</LOCAL>
<WHAT>board of equalization</WHAT>
<WHAT-TYPE>Information</WHAT-TYPE>
<GEO-RELATION>None</GEO-RELATION>
<WHERE>California</WHERE>
<LAT-LONG></LAT-LONG>
<QUERYNO>9228</QUERYNO>
<QUERY>accomodation south africa</QUERY>
<LOCAL>Yes</LOCAL>
<WHAT>accomodation</WHAT>
<WHAT-TYPE>Information</WHAT-TYPE>
<GEO-RELATION>None</GEO-RELATION>
<WHERE>South Africa</WHERE>
<LAT-LONG></LAT-LONG>
<QUERYNO>43029</QUERYNO>
<QUERY>arizona used car lemon law</QUERY>
<LOCAL>Yes</LOCAL>
<WHAT>used car lemon law</WHAT>
<WHAT-TYPE>Information</WHAT-TYPE>
<GEO-RELATION>None</GEO-RELATION>
<WHERE>Arizona</WHERE>
<LAT-LONG></LAT-LONG>
<QUERYNO>7702</QUERYNO>
<QUERY>about australia</QUERY>
<LOCAL>Yes</LOCAL>
<WHAT>about</WHAT>
<WHAT-TYPE>Information</WHAT-TYPE>
<GEO-RELATION>None</GEO-RELATION>
<WHERE>Australia</WHERE>
<LAT-LONG></LAT-LONG>
<QUERYNO>112664</QUERYNO>
<QUERY>caernarfon</QUERY>
<LOCAL>Yes</LOCAL>
<WHAT>None</WHAT>
<WHAT-TYPE>Map</WHAT-TYPE>
<GEO-RELATION>None</GEO-RELATION>
<WHERE>Caernarfon</WHERE>
<LAT-LONG></LAT-LONG>
<QUERYNO>96283</QUERYNO>
<QUERY>boulevard drive in</QUERY>
<LOCAL>No</LOCAL>
<WHAT>None</WHAT>
<WHAT-TYPE>None</WHAT-TYPE>
<GEO-RELATION>None</GEO-RELATION>
<WHERE>None</WHERE>
<LAT-LONG></LAT-LONG>
<QUERYNO>152605</QUERYNO>
<QUERY>chicago tribune</QUERY>
<LOCAL>Yes</LOCAL>
<WHAT>tribune</WHAT>
<WHAT-TYPE>Information</WHAT-TYPE>
<GEO-RELATION>None</GEO-RELATION>
<WHERE>Chicago</WHERE>
<LAT-LONG></LAT-LONG>
<QUERYNO>136738</QUERYNO>
<QUERY>caverns in alabama</QUERY>
<LOCAL>Yes</LOCAL>
<WHAT>caverns</WHAT>
<WHAT-TYPE>Information</WHAT-TYPE>
<GEO-RELATION>IN</GEO-RELATION>
<WHERE>Alabama</WHERE>
<LAT-LONG></LAT-LONG>
<QUERYNO>148008</QUERYNO>
<QUERY>cheap house for sale in france</QUERY>
<LOCAL>Yes</LOCAL>
<WHAT>cheap house for sale</WHAT>
<WHAT-TYPE>Yellow Page</WHAT-TYPE>
<GEO-RELATION>IN</GEO-RELATION>
<WHERE>France</WHERE>
<LAT-LONG></LAT-LONG>
<QUERYNO>73769</QUERYNO>
<QUERY>beauty lexington product</QUERY>
<LOCAL>No</LOCAL>
<WHAT>None</WHAT>
<WHAT-TYPE>None</WHAT-TYPE>
<GEO-RELATION>None</GEO-RELATION>
<WHERE>None</WHERE>
<LAT-LONG></LAT-LONG>
<QUERYNO>65066</QUERYNO>
<QUERY>banes</QUERY>
<LOCAL>No</LOCAL>
<WHAT>None</WHAT>
<WHAT-TYPE>None</WHAT-TYPE>
<GEO-RELATION>None</GEO-RELATION>
<WHERE>None</WHERE>
<LAT-LONG></LAT-LONG>
<QUERYNO>151603</QUERYNO>
<QUERY>chicago classifieds</QUERY>
<LOCAL>Yes</LOCAL>
<WHAT>classifieds</WHAT>
<WHAT-TYPE>Information</WHAT-TYPE>
<GEO-RELATION>None</GEO-RELATION>
<WHERE>Chicago</WHERE>
<LAT-LONG></LAT-LONG>
<QUERYNO>129204</QUERYNO>
<QUERY>carcinoid tumor</QUERY>
<LOCAL>No</LOCAL>
<WHAT>None</WHAT>
<WHAT-TYPE>None</WHAT-TYPE>
<GEO-RELATION>None</GEO-RELATION>
<WHERE>None</WHERE>
<LAT-LONG></LAT-LONG>
<QUERYNO>66112</QUERYNO>
<QUERY>bank west of nevada</QUERY>
<LOCAL>Yes</LOCAL>
<WHAT>bank</WHAT>
<WHAT-TYPE>Yellow Page</WHAT-TYPE>
<GEO-RELATION>WEST_OF</GEO-RELATION>
<WHERE>Nevada</WHERE>
<LAT-LONG></LAT-LONG>
<QUERYNO>92227</QUERYNO>
<QUERY>boca raton real estate agents</QUERY>
<LOCAL>No</LOCAL>
<WHAT>None</WHAT>
<WHAT-TYPE>None</WHAT-TYPE>
<GEO-RELATION>None</GEO-RELATION>
<WHERE>None</WHERE>
<LAT-LONG></LAT-LONG>
<QUERYNO>54345</QUERYNO>
<QUERY>auto insurance canada</QUERY>
<LOCAL>Yes</LOCAL>
<WHAT>auto insurance</WHAT>
<WHAT-TYPE>Yellow Page</WHAT-TYPE>
<GEO-RELATION>None</GEO-RELATION>
<WHERE>Canada</WHERE>
<LAT-LONG></LAT-LONG>
<QUERYNO>50260</QUERYNO>
<QUERY>atlanta trademark lawyer</QUERY>
<LOCAL>Yes</LOCAL>
<WHAT>trademark lawyer</WHAT>
<WHAT-TYPE>Yellow Page</WHAT-TYPE>
<GEO-RELATION>None</GEO-RELATION>
<WHERE>Atlanta</WHERE>
<LAT-LONG></LAT-LONG>
<QUERYNO>82517</QUERYNO>
<QUERY>big fireworks</QUERY>
<LOCAL>No</LOCAL>
<WHAT>None</WHAT>
<WHAT-TYPE>None</WHAT-TYPE>
<GEO-RELATION>None</GEO-RELATION>
<WHERE>None</WHERE>
<LAT-LONG></LAT-LONG>
<QUERYNO>130150</QUERYNO>
<QUERY>caribbean joe</QUERY>
<LOCAL>Yes</LOCAL>
<WHAT>joe</WHAT>
<WHAT-TYPE>Information</WHAT-TYPE>
<GEO-RELATION>None</GEO-RELATION>
<WHERE>Caribbean</WHERE>
<LAT-LONG></LAT-LONG>
<QUERYNO>3687</QUERYNO>
<QUERY>3d baby ultrasound imaging in west covina</QUERY>
<LOCAL>No</LOCAL>
<WHAT>None</WHAT>
<WHAT-TYPE>None</WHAT-TYPE>
<GEO-RELATION>None</GEO-RELATION>
<WHERE>None</WHERE>
<LAT-LONG></LAT-LONG>
<QUERYNO>38004</QUERYNO>
<QUERY>apartments to rent in cyprus</QUERY>
<LOCAL>Yes</LOCAL>
<WHAT>apartments</WHAT>
<WHAT-TYPE>Yellow Page</WHAT-TYPE>
<GEO-RELATION>TO</GEO-RELATION>
<WHERE>Cyprus</WHERE>
<LAT-LONG></LAT-LONG>
<QUERYNO>14457</QUERYNO>
<QUERY>aeroporto milano linate</QUERY>
<LOCAL>No</LOCAL>
<WHAT>None</WHAT>
<WHAT-TYPE>None</WHAT-TYPE>
<GEO-RELATION>None</GEO-RELATION>
<WHERE>None</WHERE>
<LAT-LONG></LAT-LONG>
<QUERYNO>71802</QUERYNO>
<QUERY>bbc </QUERY>
<LOCAL>No</LOCAL>
<WHAT>None</WHAT>
<WHAT-TYPE>None</WHAT-TYPE>
<GEO-RELATION>None</GEO-RELATION>
<WHERE>None</WHERE>
<LAT-LONG></LAT-LONG>
<QUERYNO>85120</QUERYNO>
<QUERY>bing bong</QUERY>
<LOCAL>No</LOCAL>
<WHAT>None</WHAT>
<WHAT-TYPE>None</WHAT-TYPE>
<GEO-RELATION>None</GEO-RELATION>
<WHERE>None</WHERE>
<LAT-LONG></LAT-LONG>
<QUERYNO>123926</QUERYNO>
<QUERY>candice michelle in playboy</QUERY>
<LOCAL>No</LOCAL>
<WHAT>None</WHAT>
<WHAT-TYPE>None</WHAT-TYPE>
<GEO-RELATION>None</GEO-RELATION>
<WHERE>None</WHERE>
<LAT-LONG></LAT-LONG>
<QUERYNO>149643</QUERYNO>
<QUERY>chelan washington</QUERY>
<LOCAL>Yes</LOCAL>
<WHAT>chelan</WHAT>
<WHAT-TYPE>Information</WHAT-TYPE>
<GEO-RELATION>None</GEO-RELATION>
<WHERE>Washington</WHERE>
<LAT-LONG></LAT-LONG>
<QUERYNO>122508</QUERYNO>
<QUERY>canadian gardener</QUERY>
<LOCAL>No</LOCAL>
<WHAT>None</WHAT>
<WHAT-TYPE>None</WHAT-TYPE>
<GEO-RELATION>None</GEO-RELATION>
<WHERE>None</WHERE>
<LAT-LONG></LAT-LONG>
<QUERYNO>67215</QUERYNO>
<QUERY>barbados radio station</QUERY>
<LOCAL>Yes</LOCAL>
<WHAT>radio station</WHAT>
<WHAT-TYPE>Map</WHAT-TYPE>
<GEO-RELATION>None</GEO-RELATION>
<WHERE>Barbados</WHERE>
<LAT-LONG></LAT-LONG>
<QUERYNO>127633</QUERYNO>
<QUERY>car insurance minnesota quote</QUERY>
<LOCAL>Yes</LOCAL>
<WHAT>car insurance quote</WHAT>
<WHAT-TYPE>Yellow Page</WHAT-TYPE>
<GEO-RELATION>None</GEO-RELATION>
<WHERE>Minnesota</WHERE>
<LAT-LONG></LAT-LONG>
<QUERYNO>131737</QUERYNO>
<QUERY>carrefour jeunesse emploi</QUERY>
<LOCAL>No</LOCAL>
<WHAT>None</WHAT>
<WHAT-TYPE>None</WHAT-TYPE>
<GEO-RELATION>None</GEO-RELATION>
<WHERE>None</WHERE>
<LAT-LONG></LAT-LONG>
<QUERYNO>121510</QUERYNO>
<QUERY>canada job bank</QUERY>
<LOCAL>Yes</LOCAL>
<WHAT>job bank</WHAT>
<WHAT-TYPE>Yellow Page</WHAT-TYPE>
<GEO-RELATION>None</GEO-RELATION>
<WHERE>Canada</WHERE>
<LAT-LONG></LAT-LONG>
<QUERYNO>165545</QUERYNO>
<QUERY>clonmel</QUERY>
<LOCAL>Yes</LOCAL>
<WHAT>None</WHAT>
<WHAT-TYPE>Map</WHAT-TYPE>
<GEO-RELATION>None</GEO-RELATION>
<WHERE>Clonmel</WHERE>
<LAT-LONG></LAT-LONG>
<QUERYNO>76487</QUERYNO>
<QUERY>bellaire high school</QUERY>
<LOCAL>No</LOCAL>
<WHAT>None</WHAT>
<WHAT-TYPE>None</WHAT-TYPE>
<GEO-RELATION>None</GEO-RELATION>
<WHERE>None</WHERE>
<LAT-LONG></LAT-LONG>
<QUERYNO>146609</QUERYNO>
<QUERY>cheap flight hong kong</QUERY>
<LOCAL>Yes</LOCAL>
<WHAT>cheap flight</WHAT>
<WHAT-TYPE>Information</WHAT-TYPE>
<GEO-RELATION>None</GEO-RELATION>
<WHERE>Hong Kong</WHERE>
<LAT-LONG></LAT-LONG>
<QUERYNO>25266</QUERYNO>
<QUERY>allen tate realtors</QUERY>
<LOCAL>Yes</LOCAL>
<WHAT>allen realtors</WHAT>
<WHAT-TYPE>Information</WHAT-TYPE>
<GEO-RELATION>None</GEO-RELATION>
<WHERE>Tate</WHERE>
<LAT-LONG></LAT-LONG>
<QUERYNO>33972</QUERYNO>
<QUERY>ankara</QUERY>
<LOCAL>Yes</LOCAL>
<WHAT>None</WHAT>
<WHAT-TYPE>Map</WHAT-TYPE>
<GEO-RELATION>None</GEO-RELATION>
<WHERE>Ankara</WHERE>
<LAT-LONG></LAT-LONG>
<QUERYNO>111803</QUERYNO>
<QUERY>cable modem</QUERY>
<LOCAL>No</LOCAL>
<WHAT>None</WHAT>
<WHAT-TYPE>None</WHAT-TYPE>
<GEO-RELATION>None</GEO-RELATION>
<WHERE>None</WHERE>
<LAT-LONG></LAT-LONG>
<QUERYNO>59582</QUERYNO>
<QUERY>baby cribs</QUERY>
<LOCAL>No</LOCAL>
<WHAT>None</WHAT>
<WHAT-TYPE>None</WHAT-TYPE>
<GEO-RELATION>None</GEO-RELATION>
<WHERE>None</WHERE>
<LAT-LONG></LAT-LONG>
<QUERYNO>101575</QUERYNO>
<QUERY>britannia</QUERY>
<LOCAL>No</LOCAL>
<WHAT>None</WHAT>
<WHAT-TYPE>None</WHAT-TYPE>
<GEO-RELATION>None</GEO-RELATION>
<WHERE>None</WHERE>
<LAT-LONG></LAT-LONG>
<QUERYNO>134857</QUERYNO>
<QUERY>casoli</QUERY>
<LOCAL>Yes</LOCAL>
<WHAT>None</WHAT>
<WHAT-TYPE>Map</WHAT-TYPE>
<GEO-RELATION>None</GEO-RELATION>
<WHERE>Casoli</WHERE>
<LAT-LONG></LAT-LONG>
<QUERYNO>103120</QUERYNO>
<QUERY>brooksville fl</QUERY>
<LOCAL>No</LOCAL>
<WHAT>None</WHAT>
<WHAT-TYPE>None</WHAT-TYPE>
<GEO-RELATION>None</GEO-RELATION>
<WHERE>None</WHERE>
<LAT-LONG></LAT-LONG>
<QUERYNO>156375</QUERYNO>
<QUERY>christening gowns</QUERY>
<LOCAL>No</LOCAL>
<WHAT>None</WHAT>
<WHAT-TYPE>None</WHAT-TYPE>
<GEO-RELATION>None</GEO-RELATION>
<WHERE>None</WHERE>
<LAT-LONG></LAT-LONG>
<QUERYNO>12487</QUERYNO>
<QUERY>adopting from china</QUERY>
<LOCAL>Yes</LOCAL>
<WHAT>adopting</WHAT>
<WHAT-TYPE>Yellow Page</WHAT-TYPE>
<GEO-RELATION>FROM</GEO-RELATION>
<WHERE>China</WHERE>
<LAT-LONG></LAT-LONG>
<QUERYNO>159462</QUERYNO>
<QUERY>cinque terre sicilia</QUERY>
<LOCAL>Yes</LOCAL>
<WHAT>sicilia</WHAT>
<WHAT-TYPE>Information</WHAT-TYPE>
<GEO-RELATION>None</GEO-RELATION>
<WHERE>Cinque Terre</WHERE>
<LAT-LONG></LAT-LONG>
<QUERYNO>126929</QUERYNO>
<QUERY>car dealer in usa</QUERY>
<LOCAL>No</LOCAL>
<WHAT>None</WHAT>
<WHAT-TYPE>None</WHAT-TYPE>
<GEO-RELATION>None</GEO-RELATION>
<WHERE>None</WHERE>
<LAT-LONG></LAT-LONG>
<QUERYNO>87272</QUERYNO>
<QUERY>black hills condos</QUERY>
<LOCAL>Yes</LOCAL>
<WHAT>condos</WHAT>
<WHAT-TYPE>Yellow Page</WHAT-TYPE>
<GEO-RELATION>None</GEO-RELATION>
<WHERE>Black Hills</WHERE>
<LAT-LONG></LAT-LONG>
<QUERYNO>95478</QUERYNO>
<QUERY>bose car stereo</QUERY>
<LOCAL>No</LOCAL>
<WHAT>None</WHAT>
<WHAT-TYPE>None</WHAT-TYPE>
<GEO-RELATION>None</GEO-RELATION>
<WHERE>None</WHERE>
<LAT-LONG></LAT-LONG>
<QUERYNO>163369</QUERYNO>
<QUERY>clark state community college</QUERY>
<LOCAL>No</LOCAL>
<WHAT>None</WHAT>
<WHAT-TYPE>None</WHAT-TYPE>
<GEO-RELATION>None</GEO-RELATION>
<WHERE>None</WHERE>
<LAT-LONG></LAT-LONG>
<QUERYNO>125692</QUERYNO>
<QUERY>cape may fishing</QUERY>
<LOCAL>Yes</LOCAL>
<WHAT>fishing</WHAT>
<WHAT-TYPE>Yellow Page</WHAT-TYPE>
<GEO-RELATION>None</GEO-RELATION>
<WHERE>Cape May</WHERE>
<LAT-LONG></LAT-LONG>
<QUERYNO>98565</QUERYNO>
<QUERY>brasil telecom </QUERY>
<LOCAL>No</LOCAL>
<WHAT>None</WHAT>
<WHAT-TYPE>None</WHAT-TYPE>
<GEO-RELATION>None</GEO-RELATION>
<WHERE>None</WHERE>
<LAT-LONG></LAT-LONG>
<QUERYNO>160518</QUERYNO>
<QUERY>city east of utah lake</QUERY>
<LOCAL>Yes</LOCAL>
<WHAT>city</WHAT>
<WHAT-TYPE>Information</WHAT-TYPE>
<GEO-RELATION>EAST_OF</GEO-RELATION>
<WHERE>Utah Lake</WHERE>
<LAT-LONG></LAT-LONG>
<QUERYNO>5897</QUERYNO>
<QUERY>a passage to India</QUERY>
<LOCAL>Yes</LOCAL>
<WHAT>a passage</WHAT>
<WHAT-TYPE>Information</WHAT-TYPE>
<GEO-RELATION>TO</GEO-RELATION>
<WHERE>India</WHERE>
<LAT-LONG></LAT-LONG>
<QUERYNO>161546</QUERYNO>
<QUERY>city of loveland</QUERY>
<LOCAL>No</LOCAL>
<WHAT>None</WHAT>
<WHAT-TYPE>None</WHAT-TYPE>
<GEO-RELATION>None</GEO-RELATION>
<WHERE>None</WHERE>
<LAT-LONG></LAT-LONG>
<QUERYNO>41768</QUERYNO>
<QUERY>arizona administrative code</QUERY>
<LOCAL>Yes</LOCAL>
<WHAT>administrative code</WHAT>
<WHAT-TYPE>Information</WHAT-TYPE>
<GEO-RELATION>None</GEO-RELATION>
<WHERE>Arizona</WHERE>
<LAT-LONG></LAT-LONG>
<QUERYNO>64814</QUERYNO>
<QUERY>banda panda</QUERY>
<LOCAL>No</LOCAL>
<WHAT>None</WHAT>
<WHAT-TYPE>None</WHAT-TYPE>
<GEO-RELATION>None</GEO-RELATION>
<WHERE>None</WHERE>
<LAT-LONG></LAT-LONG>
<QUERYNO>135477</QUERYNO>
<QUERY>casual wedding dresses</QUERY>
<LOCAL>No</LOCAL>
<WHAT>None</WHAT>
<WHAT-TYPE>None</WHAT-TYPE>
<GEO-RELATION>None</GEO-RELATION>
<WHERE>None</WHERE>
<LAT-LONG></LAT-LONG>
<QUERYNO>97078</QUERYNO>
<QUERY>boy bastos</QUERY>
<LOCAL>Yes</LOCAL>
<WHAT>boy</WHAT>
<WHAT-TYPE>Information</WHAT-TYPE>
<GEO-RELATION>None</GEO-RELATION>
<WHERE>Bastos</WHERE>
<LAT-LONG></LAT-LONG>
<QUERYNO>56120</QUERYNO>
<QUERY>aventura homes</QUERY>
<LOCAL>No</LOCAL>
<WHAT>None</WHAT>
<WHAT-TYPE>None</WHAT-TYPE>
<GEO-RELATION>None</GEO-RELATION>
<WHERE>None</WHERE>
<LAT-LONG></LAT-LONG>
<QUERYNO>166135</QUERYNO>
<QUERY>club sandy</QUERY>
<LOCAL>No</LOCAL>
<WHAT>None</WHAT>
<WHAT-TYPE>None</WHAT-TYPE>
<GEO-RELATION>None</GEO-RELATION>
<WHERE>None</WHERE>
<LAT-LONG></LAT-LONG>
<QUERYNO>35648</QUERYNO>
<QUERY>antigua </QUERY>
<LOCAL>Yes</LOCAL>
<WHAT>None</WHAT>
<WHAT-TYPE>Map</WHAT-TYPE>
<GEO-RELATION>None</GEO-RELATION>
<WHERE>Antigua</WHERE>
<LAT-LONG></LAT-LONG>
<QUERYNO>12609</QUERYNO>
<QUERY>adoption san antonio</QUERY>
<LOCAL>Yes</LOCAL>
<WHAT>adoption</WHAT>
<WHAT-TYPE>Yellow Page</WHAT-TYPE>
<GEO-RELATION>None</GEO-RELATION>
<WHERE>San Antonio</WHERE>
<LAT-LONG></LAT-LONG>
<QUERYNO>128323</QUERYNO>
<QUERY>car rental las vegas nv</QUERY>
<LOCAL>Yes</LOCAL>
<WHAT>car rental nv</WHAT>
<WHAT-TYPE>Yellow Page</WHAT-TYPE>
<GEO-RELATION>None</GEO-RELATION>
<WHERE>Las Vegas</WHERE>
<LAT-LONG></LAT-LONG>
<QUERYNO>49990</QUERYNO>
<QUERY>atlanta medical</QUERY>
<LOCAL>Yes</LOCAL>
<WHAT>medical</WHAT>
<WHAT-TYPE>Yellow Page</WHAT-TYPE>
<GEO-RELATION>None</GEO-RELATION>
<WHERE>Atlanta</WHERE>
<LAT-LONG></LAT-LONG>
<QUERYNO>63817</QUERYNO>
<QUERY>baltimore zoo</QUERY>
<LOCAL>Yes</LOCAL>
<WHAT>zoo</WHAT>
<WHAT-TYPE>Yellow Page</WHAT-TYPE>
<GEO-RELATION>None</GEO-RELATION>
<WHERE>Baltimore</WHERE>
<LAT-LONG></LAT-LONG>
<QUERYNO>77643</QUERYNO>
<QUERY>benidorm nightlife</QUERY>
<LOCAL>Yes</LOCAL>
<WHAT>nightlife</WHAT>
<WHAT-TYPE>Yellow Page</WHAT-TYPE>
<GEO-RELATION>None</GEO-RELATION>
<WHERE>Benidorm</WHERE>
<LAT-LONG></LAT-LONG>
<QUERYNO>139092</QUERYNO>
<QUERY>cellular phone numbers</QUERY>
<LOCAL>No</LOCAL>
<WHAT>None</WHAT>
<WHAT-TYPE>None</WHAT-TYPE>
<GEO-RELATION>None</GEO-RELATION>
<WHERE>None</WHERE>
<LAT-LONG></LAT-LONG>
<QUERYNO>9049</QUERYNO>
<QUERY>accommodation near fort william</QUERY>
<LOCAL>No</LOCAL>
<WHAT>None</WHAT>
<WHAT-TYPE>None</WHAT-TYPE>
<GEO-RELATION>None</GEO-RELATION>
<WHERE>None</WHERE>
<LAT-LONG></LAT-LONG>
<QUERYNO>20315</QUERYNO>
<QUERY>alabama florist</QUERY>
<LOCAL>Yes</LOCAL>
<WHAT>florist</WHAT>
<WHAT-TYPE>Yellow Page</WHAT-TYPE>
<GEO-RELATION>None</GEO-RELATION>
<WHERE>Alabama</WHERE>
<LAT-LONG></LAT-LONG>
<QUERYNO>113501</QUERYNO>
<QUERY>calabria chat</QUERY>
<LOCAL>Yes</LOCAL>
<WHAT>chat</WHAT>
<WHAT-TYPE>Information</WHAT-TYPE>
<GEO-RELATION>None</GEO-RELATION>
<WHERE>Calabria</WHERE>
<LAT-LONG></LAT-LONG>
<QUERYNO>147301</QUERYNO>
<QUERY>cheap flights to rome</QUERY>
<LOCAL>Yes</LOCAL>
<WHAT>cheap flights</WHAT>
<WHAT-TYPE>Information</WHAT-TYPE>
<GEO-RELATION>TO</GEO-RELATION>
<WHERE>Rome</WHERE>
<LAT-LONG></LAT-LONG>
<QUERYNO>79720</QUERYNO>
<QUERY>best resorts in mexico</QUERY>
<LOCAL>Yes</LOCAL>
<WHAT>best resorts</WHAT>
<WHAT-TYPE>Information</WHAT-TYPE>
<GEO-RELATION>IN</GEO-RELATION>
<WHERE>Mexico</WHERE>
<LAT-LONG></LAT-LONG>
<QUERYNO>45422</QUERYNO>
<QUERY>aruba accommodations</QUERY>
<LOCAL>Yes</LOCAL>
<WHAT>accommodations</WHAT>
<WHAT-TYPE>Yellow Page</WHAT-TYPE>
<GEO-RELATION>None</GEO-RELATION>
<WHERE>Aruba</WHERE>
<LAT-LONG></LAT-LONG>
<QUERYNO>886</QUERYNO>
<QUERY>145 king of prussia rd</QUERY>
<LOCAL>Yes</LOCAL>
<WHAT>145 king</WHAT>
<WHAT-TYPE>Information</WHAT-TYPE>
<GEO-RELATION>OF</GEO-RELATION>
<WHERE>Prussia</WHERE>
<LAT-LONG></LAT-LONG>
<QUERYNO>115580</QUERYNO>
<QUERY>california health insurance providers</QUERY>
<LOCAL>Yes</LOCAL>
<WHAT>health insurance providers</WHAT>
<WHAT-TYPE>Yellow Page</WHAT-TYPE>
<GEO-RELATION>None</GEO-RELATION>
<WHERE>California</WHERE>
<LAT-LONG></LAT-LONG>
<QUERYNO>13696</QUERYNO>
<QUERY>adventure alaska travel</QUERY>
<LOCAL>Yes</LOCAL>
<WHAT>adventure travel</WHAT>
<WHAT-TYPE>Information</WHAT-TYPE>
<GEO-RELATION>None</GEO-RELATION>
<WHERE>Alaska</WHERE>
<LAT-LONG></LAT-LONG>
<QUERYNO>102787</QUERYNO>
<QUERY>bronx botanical garden</QUERY>
<LOCAL>No</LOCAL>
<WHAT>None</WHAT>
<WHAT-TYPE>None</WHAT-TYPE>
<GEO-RELATION>None</GEO-RELATION>
<WHERE>None</WHERE>
<LAT-LONG></LAT-LONG>
<QUERYNO>69511</QUERYNO>
<QUERY>basketball court in petaling jaya</QUERY>
<LOCAL>Yes</LOCAL>
<WHAT>basketball court</WHAT>
<WHAT-TYPE>Yellow Page</WHAT-TYPE>
<GEO-RELATION>IN</GEO-RELATION>
<WHERE>Petaling Jaya</WHERE>
<LAT-LONG></LAT-LONG>
<QUERYNO>160651</QUERYNO>
<QUERY>city national bank of west virginia</QUERY>
<LOCAL>Yes</LOCAL>
<WHAT>city national bank</WHAT>
<WHAT-TYPE>Yellow Page</WHAT-TYPE>
<GEO-RELATION>OF</GEO-RELATION>
<WHERE>West Virginia</WHERE>
<LAT-LONG></LAT-LONG>
<QUERYNO>89490</QUERYNO>
<QUERY>blossom music center</QUERY>
<LOCAL>Yes</LOCAL>
<WHAT>None</WHAT>
<WHAT-TYPE>Map</WHAT-TYPE>
<GEO-RELATION>None</GEO-RELATION>
<WHERE>Blossom Music Center</WHERE>
<LAT-LONG></LAT-LONG>
<QUERYNO>42649</QUERYNO>
<QUERY>arizona notary public</QUERY>
<LOCAL>Yes</LOCAL>
<WHAT>notary public</WHAT>
<WHAT-TYPE>Yellow Page</WHAT-TYPE>
<GEO-RELATION>None</GEO-RELATION>
<WHERE>Arizona</WHERE>
<LAT-LONG></LAT-LONG>
<QUERYNO>105371</QUERYNO>
<QUERY>buenos aires</QUERY>
<LOCAL>Yes</LOCAL>
<WHAT>None</WHAT>
<WHAT-TYPE>Map</WHAT-TYPE>
<GEO-RELATION>None</GEO-RELATION>
<WHERE>Buenos Aires</WHERE>
<LAT-LONG></LAT-LONG>
<QUERYNO>31131</QUERYNO>
<QUERY>anaheim disneyland</QUERY>
<LOCAL>Yes</LOCAL>
<WHAT>anaheim</WHAT>
<WHAT-TYPE>Information</WHAT-TYPE>
<GEO-RELATION>None</GEO-RELATION>
<WHERE>Disneyland</WHERE>
<LAT-LONG></LAT-LONG>
<QUERYNO>26020</QUERYNO>
<QUERY>aloha stickers</QUERY>
<LOCAL>No</LOCAL>
<WHAT>None</WHAT>
<WHAT-TYPE>None</WHAT-TYPE>
<GEO-RELATION>None</GEO-RELATION>
<WHERE>None</WHERE>
<LAT-LONG></LAT-LONG>
<QUERYNO>21413</QUERYNO>
<QUERY>alaska homer in rental vacation</QUERY>
<LOCAL>Yes</LOCAL>
<WHAT>homer in rental vacation</WHAT>
<WHAT-TYPE>Yellow Page</WHAT-TYPE>
<GEO-RELATION>None</GEO-RELATION>
<WHERE>Alaska</WHERE>
<LAT-LONG></LAT-LONG>
<QUERYNO>58790</QUERYNO>
<QUERY>azerbaijan</QUERY>
<LOCAL>Yes</LOCAL>
<WHAT>None</WHAT>
<WHAT-TYPE>Map</WHAT-TYPE>
<GEO-RELATION>None</GEO-RELATION>
<WHERE>Azerbaijan</WHERE>
<LAT-LONG></LAT-LONG>
<QUERYNO>53159</QUERYNO>
<QUERY>austin housing authority</QUERY>
<LOCAL>No</LOCAL>
<WHAT>None</WHAT>
<WHAT-TYPE>None</WHAT-TYPE>
<GEO-RELATION>None</GEO-RELATION>
<WHERE>None</WHERE>
<LAT-LONG></LAT-LONG>
<QUERYNO>37806</QUERYNO>
<QUERY>apartments in ottawa</QUERY>
<LOCAL>Yes</LOCAL>
<WHAT>apartments</WHAT>
<WHAT-TYPE>Yellow Page</WHAT-TYPE>
<GEO-RELATION>IN</GEO-RELATION>
<WHERE>Ottawa</WHERE>
<LAT-LONG></LAT-LONG>
<QUERYNO>60854</QUERYNO>
<QUERY>bad car credit idaho in loan</QUERY>
<LOCAL>Yes</LOCAL>
<WHAT>bad car credit in loan</WHAT>
<WHAT-TYPE>Yellow Page</WHAT-TYPE>
<GEO-RELATION>None</GEO-RELATION>
<WHERE>Idaho</WHERE>
<LAT-LONG></LAT-LONG>
<QUERYNO>34234</QUERYNO>
<QUERY>anna maria island hostels</QUERY>
<LOCAL>Yes</LOCAL>
<WHAT>hostels</WHAT>
<WHAT-TYPE>Yellow Page</WHAT-TYPE>
<GEO-RELATION>None</GEO-RELATION>
<WHERE>Anna Maria Island</WHERE>
<LAT-LONG></LAT-LONG>
<QUERYNO>110524</QUERYNO>
<QUERY>buy vicodin without a prescription</QUERY>
<LOCAL>No</LOCAL>
<WHAT>None</WHAT>
<WHAT-TYPE>None</WHAT-TYPE>
<GEO-RELATION>None</GEO-RELATION>
<WHERE>None</WHERE>
<LAT-LONG></LAT-LONG>
<QUERYNO>72637</QUERYNO>
<QUERY>beach from icon laguna talan</QUERY>
<LOCAL>No</LOCAL>
<WHAT>None</WHAT>
<WHAT-TYPE>None</WHAT-TYPE>
<GEO-RELATION>None</GEO-RELATION>
<WHERE>None</WHERE>
<LAT-LONG></LAT-LONG>
<QUERYNO>16203</QUERYNO>
<QUERY>agencia de carros</QUERY>
<LOCAL>Yes</LOCAL>
<WHAT>agencia de</WHAT>
<WHAT-TYPE>Information</WHAT-TYPE>
<GEO-RELATION>None</GEO-RELATION>
<WHERE>Carros</WHERE>
<LAT-LONG></LAT-LONG>
<QUERYNO>118214</QUERYNO>
<QUERY>cambridge</QUERY>
<LOCAL>Yes</LOCAL>
<WHAT>None</WHAT>
<WHAT-TYPE>Map</WHAT-TYPE>
<GEO-RELATION>None</GEO-RELATION>
<WHERE>Cambridge</WHERE>
<LAT-LONG></LAT-LONG>
<QUERYNO>86475</QUERYNO>
<QUERY>bismarck state college</QUERY>
<LOCAL>No</LOCAL>
<WHAT>None</WHAT>
<WHAT-TYPE>None</WHAT-TYPE>
<GEO-RELATION>None</GEO-RELATION>
<WHERE>None</WHERE>
<LAT-LONG></LAT-LONG>
<QUERYNO>140753</QUERYNO>
<QUERY>cercanias</QUERY>
<LOCAL>No</LOCAL>
<WHAT>None</WHAT>
<WHAT-TYPE>None</WHAT-TYPE>
<GEO-RELATION>None</GEO-RELATION>
<WHERE>None</WHERE>
<LAT-LONG></LAT-LONG>
<QUERYNO>158460</QUERYNO>
<QUERY>cigna dental insurance</QUERY>
<LOCAL>No</LOCAL>
<WHAT>None</WHAT>
<WHAT-TYPE>None</WHAT-TYPE>
<GEO-RELATION>None</GEO-RELATION>
<WHERE>None</WHERE>
<LAT-LONG></LAT-LONG>
<QUERYNO>116205</QUERYNO>
<QUERY>california mortgage home loans</QUERY>
<LOCAL>Yes</LOCAL>
<WHAT>mortgage home loans</WHAT>
<WHAT-TYPE>Yellow Page</WHAT-TYPE>
<GEO-RELATION>None</GEO-RELATION>
<WHERE>California</WHERE>
<LAT-LONG></LAT-LONG>
<QUERYNO>28158</QUERYNO>
<QUERY>ambassador suite hotel in atlanta</QUERY>
<LOCAL>Yes</LOCAL>
<WHAT>ambassador suite hotel</WHAT>
<WHAT-TYPE>Yellow Page</WHAT-TYPE>
<GEO-RELATION>IN</GEO-RELATION>
<WHERE>Atlanta</WHERE>
<LAT-LONG></LAT-LONG>
</OUTPUT-FILE>