<EXAMPLE-SET>
<QUERYNO>5004</QUERYNO>
<QUERY>7 day weather welwyn garden city</QUERY>
<LOCAL>YES</LOCAL>
<WHAT>7 day weather</WHAT>
<WHAT-TYPE>Information</WHAT-TYPE>
<GEO-RELATION></GEO-RELATION>
<WHERE>welwyn garden city</WHERE>
<LAT-LONG>51.80, -0.20</LAT-LONG>
<QUERYNO>5017</QUERYNO>
<QUERY>7 juniper path lansdale pa 19446</QUERY>
<LOCAL>YES</LOCAL>
<WHAT></WHAT>
<WHAT-TYPE>Map</WHAT-TYPE>
<GEO-RELATION></GEO-RELATION>
<WHERE>7 juniper path lanssale pa 19446</WHERE>
<LAT-LONG>40.23, -75.30</LAT-LONG>
<QUERYNO>5023</QUERYNO>
<QUERY>7 news colorado</QUERY>
<LOCAL>YES</LOCAL>
<WHAT>7 news</WHAT>
<WHAT-TYPE>Information</WHAT-TYPE>
<GEO-RELATION></GEO-RELATION>
<WHERE>colorado</WHERE>
<LAT-LONG>38.99, -105.54</LAT-LONG>
<QUERYNO>7057</QUERYNO>
<QUERY>ABC NEWS CHICAGO</QUERY>
<LOCAL>YES</LOCAL>
<WHAT>ABC NEWS</WHAT>
<WHAT-TYPE>Information</WHAT-TYPE>
<GEO-RELATION></GEO-RELATION>
<WHERE>CHICAGO</WHERE>
<LAT-LONG>41.90, -87.63</LAT-LONG>
<QUERYNO>7317</QUERYNO>
<QUERY>ABERDEEN AIRPORT</QUERY>
<LOCAL>NO</LOCAL>
<WHAT></WHAT>
<WHAT-TYPE></WHAT-TYPE>
<GEO-RELATION></GEO-RELATION>
<WHERE></WHERE>
<LAT-LONG></LAT-LONG>
<QUERYNO>7412</QUERYNO>
<QUERY>ABERYSTWYTH</QUERY>
<LOCAL>YES</LOCAL>
<WHAT></WHAT>
<WHAT-TYPE>Map</WHAT-TYPE>
<GEO-RELATION></GEO-RELATION>
<WHERE>ABERYSTWYTH</WHERE>
<LAT-LONG>52.41, -4.08</LAT-LONG>
<QUERYNO>12155</QUERYNO>
<QUERY>Adirondack Mountains</QUERY>
<LOCAL>YES</LOCAL>
<WHAT></WHAT>
<WHAT-TYPE>Map</WHAT-TYPE>
<GEO-RELATION></GEO-RELATION>
<WHERE>Adirondack Mountains</WHERE>
<LAT-LONG>44.00, -74.00</LAT-LONG>
<QUERYNO>12157</QUERYNO>
<QUERY>Adirondack Park</QUERY>
<LOCAL>NO</LOCAL>
<WHAT></WHAT>
<WHAT-TYPE></WHAT-TYPE>
<GEO-RELATION></GEO-RELATION>
<WHERE></WHERE>
<LAT-LONG></LAT-LONG>
<QUERYNO>20533</QUERYNO>
<QUERY>Alabama Schools</QUERY>
<LOCAL>YES</LOCAL>
<WHAT>Schools</WHAT>
<WHAT-TYPE>Yellow page</WHAT-TYPE>
<GEO-RELATION></GEO-RELATION>
<WHERE>Alabama</WHERE>
<LAT-LONG>32.74, -86.84</LAT-LONG>
<QUERYNO>20543</QUERYNO>
<QUERY>Alabama Shakespeare Festival</QUERY>
<LOCAL>YES</LOCAL>
<WHAT>Shakespeare Festival</WHAT> 
<WHAT-TYPE>Information</WHAT-TYPE>
<GEO-RELATION></GEO-RELATION>
<WHERE>Alabama</WHERE>
<LAT-LONG>32.74, -86.84</LAT-LONG>
<QUERYNO>20842</QUERYNO>
<QUERY>Alameda Superior Court</QUERY>                
<LOCAL>NO</LOCAL>         
<WHAT></WHAT>
<WHAT-TYPE></WHAT-TYPE>
<GEO-RELATION></GEO-RELATION>
<WHERE></WHERE>
<LAT-LONG></LAT-LONG>
<QUERYNO>20901</QUERYNO>
<QUERY>Alamogordo Daily News</QUERY>      
<LOCAL>NO</LOCAL>            
<WHAT></WHAT>
<WHAT-TYPE></WHAT-TYPE>
<GEO-RELATION></GEO-RELATION>
<WHERE></WHERE>
<LAT-LONG></LAT-LONG>
<QUERYNO>45193</QUERYNO>
<QUERY>articles written in 2006 on taxation of electronic commerce</QUERY>
<LOCAL>NO</LOCAL>
<WHAT></WHAT>
<WHAT-TYPE></WHAT-TYPE>
<GEO-RELATION></GEO-RELATION>
<WHERE></WHERE>
<LAT-LONG></LAT-LONG>
<QUERYNO>51203</QUERYNO>
<QUERY>Attitudes to Education in young people</QUERY>
<LOCAL>NO</LOCAL>
<WHAT></WHAT>
<WHAT-TYPE></WHAT-TYPE>
<GEO-RELATION></GEO-RELATION>
<WHERE></WHERE>
<LAT-LONG></LAT-LONG>
<QUERYNO>76684</QUERYNO>
<QUERY>bellevue fireplace store</QUERY>
<LOCAL>YES</LOCAL>
<WHAT>fireplace store</WHAT>
<WHAT-TYPE>Yellow page</WHAT-TYPE>
<GEO-RELATION></GEO-RELATION>
<WHERE>bellevue</WHERE>
<LAT-LONG>47.61, -122.20</LAT-LONG>
<QUERYNO>77378</QUERYNO>
<QUERY>bendigo cinemas</QUERY>
<LOCAL>YES</LOCAL>
<WHAT>cinemas</WHAT>
<WHAT-TYPE>Yellow page</WHAT-TYPE>
<GEO-RELATION></GEO-RELATION>
<WHERE>Bendigo</WHERE>
<LAT-LONG>-36.75, 144.28</LAT-LONG>
<QUERYNO>90490</QUERYNO>
<QUERY>bluefield regional medical center</QUERY>
<LOCAL>YES</LOCAL>
<WHAT>regional medical center</WHAT>
<WHAT-TYPE>Yellow page</WHAT-TYPE>
<GEO-RELATION></GEO-RELATION>
<WHERE>bluefield</WHERE>
<LAT-LONG>37.25, -81.23</LAT-LONG>
<QUERYNO>90507</QUERYNO>
<QUERY>BLUEFISH</QUERY>
<LOCAL>YES</LOCAL>
<WHAT></WHAT>
<WHAT-TYPE>Map</WHAT-TYPE>
<GEO-RELATION></GEO-RELATION>
<WHERE>BLUEFISH</WHERE>
<LAT-LONG>66.40, -128.18</LAT-LONG>
<QUERYNO>90941</QUERYNO>
<QUERY>BMW Canada</QUERY>
<LOCAL>YES</LOCAL>
<WHAT>BMW</WHAT>
<WHAT-TYPE>Yellow page</WHAT-TYPE>
<GEO-RELATION></GEO-RELATION>
<WHERE>Canada</WHERE>
<LAT-LONG>62.83, -95.91</LAT-LONG>
<QUERYNO>92430</QUERYNO>
<QUERY>Bodrum Hotels</QUERY>
<LOCAL>YES</LOCAL>
<WHAT>Hotels</WHAT>
<WHAT-TYPE>Yellow page</WHAT-TYPE>
<GEO-RELATION></GEO-RELATION>
<WHERE>Bodrum</WHERE>
<LAT-LONG>37.03, 27.43</LAT-LONG>
<QUERYNO>94622</QUERYNO>
<QUERY>bookshop in singapore</QUERY>
<LOCAL>YES</LOCAL>
<WHAT>bookshop</WHAT>
<WHAT-TYPE>Yellow page</WHAT-TYPE>
<GEO-RELATION>IN</GEO-RELATION>
<WHERE>singapore</WHERE>
<LAT-LONG>1.32, 103.82</LAT-LONG>
<QUERYNO>99387</QUERYNO>
<QUERY>breast cancer care</QUERY>
<LOCAL>NO</LOCAL>
<WHAT></WHAT>
<WHAT-TYPE></WHAT-TYPE>
<GEO-RELATION></GEO-RELATION>
<WHERE></WHERE>
<LAT-LONG></LAT-LONG>
<QUERYNO>106754</QUERYNO>
<QUERY>bumper to bumper auto parts shreveport la</QUERY>
<LOCAL>YES</LOCAL>
<WHAT>bumper to bumper auto parts shreveport la</WHAT>
<WHAT-TYPE>Yellow page</WHAT-TYPE>
<GEO-RELATION></GEO-RELATION>
<WHERE>shreveport la</WHERE>
<LAT-LONG>32.47, -93.77</LAT-LONG>
<QUERYNO>107976</QUERYNO>
<QUERY>bus trips from columbia</QUERY>
<LOCAL>YES</LOCAL>
<WHAT>bus trips</WHAT>
<WHAT-TYPE>Information</WHAT-TYPE>   
<GEO-RELATION>FROM</GEO-RELATION>
<WHERE>columbia</WHERE>
<LAT-LONG>34.00, -81.03</LAT-LONG>
<QUERYNO>111752</QUERYNO>
<QUERY>cabins to rent at lake tahoe</QUERY>
<LOCAL>YES</LOCAL>
<WHAT>cabins to rent</WHAT>
<WHAT-TYPE>Yellow page</WHAT-TYPE>
<GEO-RELATION>AT</GEO-RELATION>
<WHERE>lake tahoe</WHERE>
<LAT-LONG>39.08, -120.02</LAT-LONG>
<QUERYNO>119335</QUERYNO>
<QUERY>campbell river bc</QUERY>
<LOCAL>YES</LOCAL>
<WHAT></WHAT>
<WHAT-TYPE>Map</WHAT-TYPE>
<GEO-RELATION></GEO-RELATION>
<WHERE>campbell river bc</WHERE>
<LAT-LONG>49.98, -125.22</LAT-LONG>
<QUERYNO>124435</QUERYNO>
<QUERY>cannon mountain</QUERY>
<LOCAL>YES</LOCAL>
<WHAT></WHAT>
<WHAT-TYPE>Map</WHAT-TYPE>
<GEO-RELATION></GEO-RELATION>
<WHERE>cannon mountain</WHERE>
<LAT-LONG>44.15, -71.69</LAT-LONG>
<QUERYNO>131465</QUERYNO>
<QUERY>carpathian mountains</QUERY>
<LOCAL>YES</LOCAL>
<WHAT></WHAT>
<WHAT-TYPE>Map</WHAT-TYPE>
<GEO-RELATION></GEO-RELATION>
<WHERE>carpathian mountains</WHERE>
<LAT-LONG>48.75, 23.75</LAT-LONG>
<QUERYNO>131516</QUERYNO>
<QUERY>carpet cleaners in fort walton beach fl florida</QUERY>
<LOCAL>YES</LOCAL>
<WHAT>carpet cleaners</WHAT>
<WHAT-TYPE>Yellow page</WHAT-TYPE>
<GEO-RELATION>IN</GEO-RELATION>
<WHERE>fort walton beach fl florida</WHERE>
<LAT-LONG>30.40, -86.60</LAT-LONG>
<QUERYNO>156961</QUERYNO>
<QUERY>christie lake</QUERY>
<LOCAL>YES</LOCAL>
<WHAT></WHAT>
<WHAT-TYPE>Map</WHAT-TYPE>
<GEO-RELATION></GEO-RELATION>
<WHERE>christie lake</WHERE>
<LAT-LONG>56.91, -96.93</LAT-LONG>
<QUERYNO>164302</QUERYNO>
<QUERY>Clearwater Beach Hostels</QUERY>
<LOCAL>YES</LOCAL>
<WHAT>Hostels</WHAT>
<WHAT-TYPE>Yellow page</WHAT-TYPE>
<GEO-RELATION></GEO-RELATION>
<WHERE>Clearwater Beach</WHERE>
<LAT-LONG>27.97, -82.82</LAT-LONG>
<QUERYNO>172155</QUERYNO>
<QUERY>Columbia clothing</QUERY>
<LOCAL>NO</LOCAL>
<WHAT></WHAT>
<WHAT-TYPE></WHAT-TYPE>
<GEO-RELATION></GEO-RELATION>
<WHERE></WHERE>
<LAT-LONG></LAT-LONG>
<QUERYNO>172391</QUERYNO>
<QUERY>Columbia River Gorge</QUERY>
<LOCAL>YES</LOCAL>
<WHAT></WHAT>
<WHAT-TYPE>Map</WHAT-TYPE>
<GEO-RELATION></GEO-RELATION>
<WHERE>Columbia River Gorge</WHERE>
<LAT-LONG>45.65, -121.90</LAT-LONG>
<QUERYNO>180534</QUERYNO>
<QUERY>convert kilometers to miles</QUERY>
<LOCAL>NO</LOCAL>
<WHAT></WHAT>
<WHAT-TYPE></WHAT-TYPE>
<GEO-RELATION></GEO-RELATION>
<WHERE></WHERE>
<LAT-LONG></LAT-LONG>
<QUERYNO>195509</QUERYNO>
<QUERY>cyprus Italian food</QUERY>
<LOCAL>YES</LOCAL>
<WHAT>Italian food</WHAT>
<WHAT-TYPE>Yellow page</WHAT-TYPE>
<GEO-RELATION></GEO-RELATION>
<WHERE>cyprus</WHERE>
<LAT-LONG>35.05, 33.29</LAT-LONG>
<QUERYNO>211301</QUERYNO>
<QUERY>dictionary from english to spanish</QUERY>
<LOCAL>NO</LOCAL>
<WHAT></WHAT>
<WHAT-TYPE></WHAT-TYPE>
<GEO-RELATION></GEO-RELATION>
<WHERE></WHERE>
<LAT-LONG></LAT-LONG>
<QUERYNO>212836</QUERYNO>
<QUERY>dinosaur national monument</QUERY>
<LOCAL>NO</LOCAL>
<WHAT></WHAT>
<WHAT-TYPE></WHAT-TYPE>
<GEO-RELATION></GEO-RELATION>
<WHERE></WHERE>
<LAT-LONG></LAT-LONG>
<QUERYNO>214012</QUERYNO>
<QUERY>Discount Airline Tickets To Brazil</QUERY> 
<LOCAL>YES</LOCAL>
<WHAT>Discount Airline Tickets</WHAT>
<WHAT-TYPE>Information</WHAT-TYPE>
<GEO-RELATION>TO</GEO-RELATION>
<WHERE>Brazil</WHERE>
<LAT-LONG>-10.80, -52.97</LAT-LONG>
<QUERYNO>217859</QUERYNO>
<QUERY>doctors hospital augusta ga</QUERY>
<LOCAL>YES</LOCAL>
<WHAT>doctors hospital</WHAT>
<WHAT-TYPE>Yellow page</WHAT-TYPE>
<GEO-RELATION></GEO-RELATION>
<WHERE>augusta ga</WHERE>
<LAT-LONG>33.46, -81.99</LAT-LONG>
<QUERYNO>218097</QUERYNO>
<QUERY>dodge park in Wisconsin</QUERY>
<LOCAL>NO</LOCAL>
<WHAT></WHAT>
<WHAT-TYPE>Yellow page</WHAT-TYPE>
<GEO-RELATION>IN</GEO-RELATION>
<WHERE>Wisconsin</WHERE>
<LAT-LONG>44.63 , -89.73</LAT-LONG>
<QUERYNO>222904</QUERYNO>
<QUERY>Drain Repairing Mountain View CA</QUERY>
<LOCAL>YES</LOCAL>
<WHAT>Drain Repairing</WHAT>
<WHAT-TYPE>Yellow page</WHAT-TYPE>
<GEO-RELATION></GEO-RELATION>
<WHERE>Mountain View CA</WHERE>
<LAT-LONG>37.40, -122.08</LAT-LONG>
<QUERYNO>225039</QUERYNO>
<QUERY>dubai police</QUERY>
<LOCAL>YES</LOCAL>
<WHAT>police</WHAT>
<WHAT-TYPE>Yellow page</WHAT-TYPE>
<GEO-RELATION></GEO-RELATION>
<WHERE>dubai</WHERE>
<LAT-LONG>25.00, 55.33</LAT-LONG>
<QUERYNO>228325</QUERYNO>
<QUERY>EARN EXTRA INCOME IN SINGAPORE</QUERY>
<LOCAL>YES</LOCAL>
<WHAT>EARN EXTRA INCOME</WHAT>          
<WHAT-TYPE>Information</WHAT-TYPE>
<GEO-RELATION>IN</GEO-RELATION>
<WHERE>SINGAPORE</WHERE>
<LAT-LONG>1.32, 103.82</LAT-LONG>
<QUERYNO>228553</QUERYNO>
<QUERY>EAST BAY</QUERY>
<LOCAL>YES</LOCAL>
<WHAT></WHAT>
<WHAT-TYPE>Map</WHAT-TYPE>
<GEO-RELATION></GEO-RELATION>
<WHERE>East Bay</WHERE>
<LAT-LONG>29.50, -94.68</LAT-LONG>
<QUERYNO>264285</QUERYNO>
<QUERY>flight to key west florida</QUERY>
<LOCAL>YES</LOCAL>
<WHAT>flight</WHAT>                            
<WHAT-TYPE>Information</WHAT-TYPE>
<GEO-RELATION>TO</GEO-RELATION>
<WHERE>key west florida</WHERE>
<LAT-LONG>24.55, -81.77</LAT-LONG>
<QUERYNO>267670</QUERYNO>
<QUERY>florida tax free shopping</QUERY>
<LOCAL>YES</LOCAL>
<WHAT>tax free shopping</WHAT>
<WHAT-TYPE>Yellow page</WHAT-TYPE>
<GEO-RELATION></GEO-RELATION>
<WHERE>florida</WHERE>
<LAT-LONG>28.38, -81.75</LAT-LONG>
<QUERYNO>273102</QUERYNO>
<QUERY>fort pulaski national monument</QUERY>
<LOCAL>YES</LOCAL>
<WHAT></WHAT>
<WHAT-TYPE>Map</WHAT-TYPE>
<GEO-RELATION></GEO-RELATION>
<WHERE>fort pulaski national monument</WHERE>
<LAT-LONG>32.02, -80.89</LAT-LONG>
<QUERYNO>281926</QUERYNO>
<QUERY>free wav to mp3 converter</QUERY>
<LOCAL>NO</LOCAL>
<WHAT></WHAT>
<WHAT-TYPE></WHAT-TYPE>
<GEO-RELATION></GEO-RELATION>
<WHERE></WHERE>
<LAT-LONG></LAT-LONG>
<QUERYNO>285765</QUERYNO>
<QUERY>fun things to do near maldon</QUERY>
<LOCAL>YES</LOCAL>
<WHAT>fun things to do</WHAT>
<WHAT-TYPE>Information</WHAT-TYPE>    
<GEO-RELATION>NEAR</GEO-RELATION>
<WHERE>maldon</WHERE>
<LAT-LONG>51.73, 0.67</LAT-LONG>
<QUERYNO>288221</QUERYNO>
<QUERY>galleria cinemas</QUERY>
<LOCAL>YES</LOCAL>
<WHAT>cinemas</WHAT>
<WHAT-TYPE>Yellow page</WHAT-TYPE>
<GEO-RELATION></GEO-RELATION>
<WHERE>galleria</WHERE>
<LAT-LONG>32.93, -96.81</LAT-LONG>
<QUERYNO>289228</QUERYNO>
<QUERY>games to play at parties</QUERY>
<LOCAL>NO</LOCAL>
<WHAT></WHAT>
<WHAT-TYPE></WHAT-TYPE>
<GEO-RELATION></GEO-RELATION>
<WHERE></WHERE>
<LAT-LONG></LAT-LONG>
<QUERYNO>298780</QUERYNO>
<QUERY>glen canyon</QUERY>
<LOCAL>YES</LOCAL>
<WHAT>glen canyon</WHAT>
<WHAT-TYPE>Map</WHAT-TYPE>
<GEO-RELATION></GEO-RELATION>
<WHERE>glen canyon</WHERE>
<LAT-LONG>37.16, -110.83</LAT-LONG>
<QUERYNO>325030</QUERYNO>
<QUERY>herald and news klamath falls</QUERY>
<LOCAL>YES</LOCAL>
<WHAT>herald and news</WHAT>
<WHAT-TYPE>Information</WHAT-TYPE>
<GEO-RELATION></GEO-RELATION>
<WHERE>klamath falls</WHERE>
<LAT-LONG>42.23, -121.76</LAT-LONG>
<QUERYNO>347951</QUERYNO>
<QUERY>HOUSE TO BUY IN MISSISSAUGA</QUERY>
<LOCAL>YES</LOCAL>
<WHAT>HOUSE TO BUY</WHAT>
<WHAT-TYPE>Yellow page</WHAT-TYPE>
<GEO-RELATION>IN</GEO-RELATION>
<WHERE>MISSISSAUGA</WHERE>
<LAT-LONG>43.58, -79.61</LAT-LONG>
<QUERYNO>350738</QUERYNO>
<QUERY>how to invest in stock</QUERY>
<LOCAL>NO</LOCAL>
<WHAT></WHAT>
<WHAT-TYPE></WHAT-TYPE>
<GEO-RELATION></GEO-RELATION>
<WHERE></WHERE>
<LAT-LONG></LAT-LONG>
<QUERYNO>379021</QUERYNO>
<QUERY>jameson inn crestview fl</QUERY>
<LOCAL>YES</LOCAL>
<WHAT>jameson inn</WHAT>
<WHAT-TYPE>Yellow page</WHAT-TYPE>
<GEO-RELATION></GEO-RELATION>
<WHERE>crestview fl</WHERE>
<LAT-LONG>30.76, -86.57</LAT-LONG>
<QUERYNO>413466</QUERYNO>
<QUERY>lakeside mall in michigan</QUERY>
<LOCAL>YES</LOCAL>
<WHAT>lakeside mall</WHAT>
<WHAT-TYPE>Yellow page</WHAT-TYPE>
<GEO-RELATION>IN</GEO-RELATION>
<WHERE>michigan</WHERE>
<LAT-LONG>44.87, -85.73</LAT-LONG>
<QUERYNO>419864</QUERYNO>
<QUERY>law blog in singapore</QUERY>
<LOCAL>YES</LOCAL>
<WHAT>law blog</WHAT>
<WHAT-TYPE>Information</WHAT-TYPE>
<GEO-RELATION>IN</GEO-RELATION>
<WHERE>singapore</WHERE>
<LAT-LONG>1.32, 103.82</LAT-LONG>
<QUERYNO>429832</QUERYNO>
<QUERY>List of Restaurants in Ottawa</QUERY>
<LOCAL>YES</LOCAL>
<WHAT>List of Restaurants</WHAT>
<WHAT-TYPE>Yellow page</WHAT-TYPE>
<GEO-RELATION>IN</GEO-RELATION>
<WHERE>Ottawa</WHERE>
<LAT-LONG>45.42, -75.70</LAT-LONG>
<QUERYNO>443166</QUERYNO>
<QUERY>macdougall dr in atlanta</QUERY>  
<LOCAL>YES</LOCAL>
<WHAT></WHAT>
<WHAT-TYPE>Map</WHAT-TYPE>
<GEO-RELATION></GEO-RELATION>
<WHERE>macdougall dr in atlanta</WHERE>  
<LAT-LONG>33.76, -84.39</LAT-LONG>
<QUERYNO>465445</QUERYNO>
<QUERY>men shoes</QUERY>
<LOCAL>NO</LOCAL>
<WHAT></WHAT>
<WHAT-TYPE></WHAT-TYPE>
<GEO-RELATION></GEO-RELATION>
<WHERE></WHERE>
<LAT-LONG></LAT-LONG>
<QUERYNO>476806</QUERYNO>
<QUERY>minibus trips in cyprus</QUERY>
<LOCAL>YES</LOCAL>
<WHAT>minibus trips</WHAT>
<WHAT-TYPE>Information</WHAT-TYPE>           
<GEO-RELATION>IN</GEO-RELATION>
<WHERE>cyprus</WHERE>
<LAT-LONG>35.05, 33.29</LAT-LONG>
<QUERYNO>500600</QUERYNO>
<QUERY>nansemond county virginia</QUERY>   
<LOCAL>YES</LOCAL>
<WHAT></WHAT>
<WHAT-TYPE>Map</WHAT-TYPE>
<GEO-RELATION></GEO-RELATION>
<WHERE>nansemond county virginia</WHERE>                  
<LAT-LONG>36.86, -76.51</LAT-LONG>
<QUERYNO>508092</QUERYNO>
<QUERY>New Car Dealer Albuquerque</QUERY>
<LOCAL>YES</LOCAL>
<WHAT>New Car Dealer</WHAT>
<WHAT-TYPE>Yellow page</WHAT-TYPE>
<GEO-RELATION></GEO-RELATION>
<WHERE>Albuquerque</WHERE>
<LAT-LONG>35.08, -106.65</LAT-LONG>
<QUERYNO>513656</QUERYNO>
<QUERY>newbury weekly news</QUERY>
<LOCAL>YES</LOCAL>
<WHAT>weekly news</WHAT>
<WHAT-TYPE>Information</WHAT-TYPE>
<GEO-RELATION></GEO-RELATION>
<WHERE>newbury</WHERE>
<LAT-LONG>51.39, -1.32</LAT-LONG>
<QUERYNO>515842</QUERYNO>
<QUERY>niagara day tours from toronto</QUERY>
<LOCAL>YES</LOCAL>
<WHAT>niagara day tours</WHAT>
<WHAT-TYPE>Information</WHAT-TYPE>                     
<GEO-RELATION>FROM</GEO-RELATION>
<WHERE>toronto</WHERE>
<LAT-LONG>43.65 , -79.38</LAT-LONG>
<QUERYNO>522071</QUERYNO>
<QUERY>North Olmsted apartments</QUERY>
<LOCAL>YES</LOCAL>
<WHAT>apartments</WHAT>
<WHAT-TYPE>Yellow page</WHAT-TYPE>
<GEO-RELATION></GEO-RELATION>
<WHERE>North Olmsted</WHERE>
<LAT-LONG>41.42, -81.91</LAT-LONG>
<QUERYNO>523187</QUERYNO>
<QUERY>NORTHWEST AIRLINES</QUERY>
<LOCAL>NO</LOCAL>      
<WHAT></WHAT>
<WHAT-TYPE></WHAT-TYPE>
<GEO-RELATION></GEO-RELATION>
<WHERE></WHERE>
<LAT-LONG></LAT-LONG>
<QUERYNO>545455</QUERYNO>
<QUERY>ozark city schools</QUERY>
<LOCAL>YES</LOCAL>
<WHAT>schools</WHAT>  
<WHAT-TYPE>Yellow page</WHAT-TYPE>
<GEO-RELATION></GEO-RELATION>
<WHERE>ozark city</WHERE>  
<LAT-LONG>31.45, -85.64</LAT-LONG>
<QUERYNO>545994</QUERYNO>
<QUERY>pacific coffee</QUERY>
<LOCAL>NO</LOCAL>       
<WHAT></WHAT>
<WHAT-TYPE></WHAT-TYPE>
<GEO-RELATION></GEO-RELATION>
<WHERE></WHERE>
<LAT-LONG></LAT-LONG>
<QUERYNO>548229</QUERYNO>
<QUERY>palm beach post times</QUERY>
<LOCAL>YES</LOCAL>
<WHAT>post times</WHAT>
<WHAT-TYPE>Information</WHAT-TYPE>
<GEO-RELATION></GEO-RELATION>
<WHERE>palm beach</WHERE>
<LAT-LONG>26.64, -80.43</LAT-LONG>
<QUERYNO>550804</QUERYNO>
<QUERY>paradise valley community college</QUERY>
<LOCAL>NO</LOCAL>
<WHAT></WHAT>   
<WHAT-TYPE></WHAT-TYPE>
<GEO-RELATION></GEO-RELATION>
<WHERE></WHERE>
<LAT-LONG></LAT-LONG>
<QUERYNO>559785</QUERYNO>
<QUERY>Permission Letter for child to be on television</QUERY>
<LOCAL>NO</LOCAL>
<WHAT></WHAT>
<WHAT-TYPE></WHAT-TYPE>
<GEO-RELATION></GEO-RELATION>
<WHERE></WHERE>
<LAT-LONG></LAT-LONG>
<QUERYNO>568343</QUERYNO>
<QUERY>pine view high school</QUERY>
<LOCAL>YES</LOCAL>
<WHAT>high school</WHAT>
<WHAT-TYPE>Yellow page</WHAT-TYPE>
<GEO-RELATION></GEO-RELATION>
<WHERE>pine view</WHERE>
<LAT-LONG>45.40, -75.59</LAT-LONG>
<QUERYNO>573444</QUERYNO>
<QUERY>plumbers in manhattan ny new york</QUERY>
<LOCAL>YES</LOCAL>
<WHAT>plumbers</WHAT>
<WHAT-TYPE>Yellow page</WHAT-TYPE>
<GEO-RELATION>IN</GEO-RELATION>
<WHERE>manhattan ny new york</WHERE>
<LAT-LONG>40.40, -74.00</LAT-LONG>
<QUERYNO>579251</QUERYNO>
<QUERY>porter central rd  ohio</QUERY>
<LOCAL>YES</LOCAL>
<WHAT></WHAT>
<WHAT-TYPE>Map</WHAT-TYPE>
<GEO-RELATION></GEO-RELATION>
<WHERE>porter central rd  ohio</WHERE>
<LAT-LONG>40.41, -82.70</LAT-LONG>
<QUERYNO>581210</QUERYNO>
<QUERY>poultry farming training in the limpopo province</QUERY>
<LOCAL>YES</LOCAL>
<WHAT>poultry farming training</WHAT>
<WHAT-TYPE>Yellow page</WHAT-TYPE>
<GEO-RELATION>IN</GEO-RELATION>
<WHERE>the limpopo province</WHERE> 
<LAT-LONG>-23.65, 29.00</LAT-LONG>
<QUERYNO>584581</QUERYNO>
<QUERY>Price To Sales Ratio</QUERY>
<LOCAL>NO</LOCAL>
<WHAT></WHAT>
<WHAT-TYPE></WHAT-TYPE>
<GEO-RELATION></GEO-RELATION>
<WHERE></WHERE>
<LAT-LONG></LAT-LONG>
<QUERYNO>586626</QUERYNO>
<QUERY>products to import from cuba</QUERY>
<LOCAL>YES</LOCAL>
<WHAT>products to import</WHAT>
<WHAT-TYPE>Information</WHAT-TYPE>
<GEO-RELATION>FROM</GEO-RELATION>
<WHERE>cuba</WHERE>
<LAT-LONG>22.10, -79.01</LAT-LONG>
<QUERYNO>589183</QUERYNO>
<QUERY>province of british columbia</QUERY>
<LOCAL>YES</LOCAL>
<WHAT></WHAT>  
<WHAT-TYPE>Map</WHAT-TYPE>                                    
<GEO-RELATION></GEO-RELATION>
<WHERE>province of british columbia</WHERE>    
<LAT-LONG>54.62, -124.90</LAT-LONG>
<QUERYNO>594250</QUERYNO>
<QUERY>Questionnaires on physical activity in South Africa</QUERY>
<LOCAL>YES</LOCAL>
<WHAT>Questionnaires on physical activity</WHAT>  
<WHAT-TYPE>Information</WHAT-TYPE>
<GEO-RELATION>IN</GEO-RELATION>
<WHERE>South Africa</WHERE>
<LAT-LONG>-29.04, 25.06</LAT-LONG>
<QUERYNO>594256</QUERYNO>
<QUERY>Questions To Ask At An Interview</QUERY>
<LOCAL>NO</LOCAL>
<WHAT></WHAT>
<WHAT-TYPE></WHAT-TYPE>
<GEO-RELATION></GEO-RELATION>
<WHERE></WHERE>
<LAT-LONG></LAT-LONG>
<QUERYNO>597458</QUERYNO>
<QUERY>rainforest cafe chicago</QUERY>
<LOCAL>YES</LOCAL>
<WHAT>rainforest cafe</WHAT>
<WHAT-TYPE>Yellow page</WHAT-TYPE>
<GEO-RELATION></GEO-RELATION>
<WHERE>chicago</WHERE>
<LAT-LONG>41.90, -87.63</LAT-LONG>
<QUERYNO>642987</QUERYNO>
<QUERY>seattle family law attorney</QUERY>
<LOCAL>YES</LOCAL>
<WHAT>family law attorney</WHAT>
<WHAT-TYPE>Yellow page</WHAT-TYPE>
<GEO-RELATION></GEO-RELATION>
<WHERE>seattle</WHERE>
<LAT-LONG>47.59, -122.33</LAT-LONG>
<QUERYNO>654871</QUERYNO>
<QUERY>shoreham weather</QUERY>
<LOCAL>YES</LOCAL>
<WHAT>weather</WHAT>       
<WHAT-TYPE>Information</WHAT-TYPE>
<GEO-RELATION></GEO-RELATION>
<WHERE>shoreham</WHERE>
<LAT-LONG>51.32, 0.19</LAT-LONG>
<QUERYNO>654878</QUERYNO>
<QUERY>shores of panama</QUERY>
<LOCAL>YES</LOCAL>
<WHAT>shores</WHAT>
<WHAT-TYPE>Map</WHAT-TYPE>
<GEO-RELATION>OF</GEO-RELATION> 
<WHERE>panama</WHERE>
<LAT-LONG>8.59, -80.41</LAT-LONG>
<QUERYNO>655426</QUERYNO>
<QUERY>shreveport airport</QUERY>
<LOCAL>NO</LOCAL>
<WHAT></WHAT>    
<WHAT-TYPE></WHAT-TYPE>
<GEO-RELATION></GEO-RELATION>
<WHERE></WHERE> 
<LAT-LONG></LAT-LONG>
<QUERYNO>656171</QUERYNO>
<QUERY>siena apartments</QUERY>
<LOCAL>YES</LOCAL>
<WHAT>apartments</WHAT>
<WHAT-TYPE>Yellow page</WHAT-TYPE>
<GEO-RELATION></GEO-RELATION>
<WHERE>siena</WHERE>
<LAT-LONG>43.26, 11.24</LAT-LONG>
<QUERYNO>665018</QUERYNO>
<QUERY>SOCIETY CHANGES FROM 1915 TO 2005</QUERY>
<LOCAL>NO</LOCAL>
<WHAT></WHAT>
<WHAT-TYPE></WHAT-TYPE>
<GEO-RELATION></GEO-RELATION>
<WHERE></WHERE>
<LAT-LONG></LAT-LONG>
<QUERYNO>713155</QUERYNO>
<QUERY>things to do in charlotte north carolina</QUERY>
<LOCAL>YES</LOCAL>
<WHAT>things to do</WHAT>
<WHAT-TYPE>Information</WHAT-TYPE>   
<GEO-RELATION>IN</GEO-RELATION>
<WHERE>charlotte north carolina</WHERE>
<LAT-LONG>35.22, -80.84</LAT-LONG>
<QUERYNO>720279</QUERYNO>
<QUERY>top rated fitness gyms in washington dc</QUERY>
<LOCAL>YES</LOCAL>
<WHAT>top rated fitness gyms</WHAT>
<WHAT-TYPE>Yellow page</WHAT-TYPE>
<GEO-RELATION>IN</GEO-RELATION>
<WHERE>washington dc</WHERE>
<LAT-LONG>47.41, -120.58</LAT-LONG>
<QUERYNO>727275</QUERYNO>
<QUERY>travel tips to the northwest usa</QUERY>
<LOCAL>YES</LOCAL>
<WHAT>travel tips</WHAT>
<WHAT-TYPE>Information</WHAT-TYPE> 
<GEO-RELATION>NORTH_WEST_TO</GEO-RELATION> 
<WHERE>usa</WHERE>
<LAT-LONG>33.52, 131.36</LAT-LONG>
<QUERYNO>738740</QUERYNO>
<QUERY>United States Embassy</QUERY>
<LOCAL>NO</LOCAL>
<WHAT></WHAT>      
<WHAT-TYPE></WHAT-TYPE>
<GEO-RELATION></GEO-RELATION>
<WHERE></WHERE>
<LAT-LONG></LAT-LONG>
<QUERYNO>754698</QUERYNO>
<QUERY>vice president of trust at Frontier Bank in Everett Washington</QUERY>
<LOCAL>YES</LOCAL>
<WHAT>vice president of trust at Frontier Bank</WHAT>  
<WHAT-TYPE>Information</WHAT-TYPE>
<GEO-RELATION></GEO-RELATION>
<WHERE>Everett Washington</WHERE>
<LAT-LONG>47.97, -122.20</LAT-LONG>
<QUERYNO>757957</QUERYNO>
<QUERY>villas to rent in south west majorca</QUERY>
<LOCAL>YES</LOCAL>
<WHAT>villas to rent</WHAT>
<WHAT-TYPE>Yellow page</WHAT-TYPE>
<GEO-RELATION>SOUTH_WEST_OF</GEO-RELATION>
<WHERE>majorca</WHERE>
<LAT-LONG>39.58, 3.00</LAT-LONG>
<QUERYNO>778019</QUERYNO>
<QUERY>wet place</QUERY>
<LOCAL>NO</LOCAL>  
<WHAT>wet place</WHAT>
<WHAT-TYPE></WHAT-TYPE>
<GEO-RELATION></GEO-RELATION>
<WHERE></WHERE>
<LAT-LONG></LAT-LONG>
<QUERYNO>778424</QUERYNO>
<QUERY>whalen furniture</QUERY>
<LOCAL>NO</LOCAL>
<WHAT></WHAT>
<WHAT-TYPE></WHAT-TYPE>
<GEO-RELATION></GEO-RELATION>
<WHERE></WHERE>
<LAT-LONG></LAT-LONG>
<QUERYNO>779324</QUERYNO>
<QUERY>which airport is near to st julians in malta</QUERY>
<LOCAL>YES</LOCAL>
<WHAT>which airport is</WHAT>
<WHAT-TYPE>Yellow page</WHAT-TYPE>
<GEO-RELATION>NEAR</GEO-RELATION>
<WHERE>st julians in malta</WHERE>
<LAT-LONG>35.93, 14.38</LAT-LONG>
<QUERYNO>779442</QUERYNO>
<QUERY>whirlpool dishwashers</QUERY>
<LOCAL>NO</LOCAL>
<WHAT></WHAT>
<WHAT-TYPE></WHAT-TYPE>
<GEO-RELATION></GEO-RELATION>
<WHERE></WHERE>
<LAT-LONG></LAT-LONG>
<QUERYNO>788702</QUERYNO>
<QUERY>woody allen</QUERY>
<LOCAL>NO</LOCAL>
<WHAT></WHAT>
<WHAT-TYPE></WHAT-TYPE>
<GEO-RELATION></GEO-RELATION>
<WHERE></WHERE>
<LAT-LONG></LAT-LONG>
</EXAMPLE-SET>